Lesotho|Maseru|Mazenod|Ha Maqele
Lesotho|Maseru|Mazenod|Ha Paki
Lesotho|Maseru|Mazenod|Ha Sekake
Lesotho|Maseru|Manonyane|Ha Rakolo
Lesotho|Maseru|Manonyane|Ha Roma
Lesotho|Maseru|Manonyane|Ha Mafefooane
Lesotho|Maseru|Makhoarane|Morija
Lesotho|Maseru|Makhoarane|Ha Matsieng
Lesotho|Maseru|Makhoarane|Ha Tlebere
Lesotho|Maseru|Qiloane|Thaba Bosiu
Lesotho|Maseru|Qiloane|Ha Boqate
Lesotho|Maseru|Ratau|Thaba Khupa
Lesotho|Maseru|Ratau|Ha Mothae
Lesotho|Berea|Kueneng|Ha Khobotle
Lesotho|Berea|Kueneng|Ha Nkhahle
Lesotho|Berea|Makeoana|Mapoteng
Lesotho|Berea|Makeoana|Ha Makotoko
Lesotho|Berea|Tebe-Tebe|Ha Ratšiu
Lesotho|Berea|Tebe-Tebe|Ha Mamathe
Lesotho|Berea|Kanana|Ha Motšoane
Lesotho|Leribe|Pitseng|Ha Sofonia
Lesotho|Leribe|Pitseng|Ha Tau
Lesotho|Leribe|Pitseng|Ha Mphoto
Lesotho|Leribe|Hleoheng|Ha Khabo
Lesotho|Leribe|Hleoheng|Ha Tapole
Lesotho|Leribe|Manka|Ha Nyenye
Lesotho|Leribe|Manka|Ha Ramapepe
Lesotho|Leribe|Menkhoaneng|Ha Mahlehle
Lesotho|Butha-Buthe|Kao|Ha Belo
Lesotho|Butha-Buthe|Kao|Ha Rampai
Lesotho|Butha-Buthe|Nqoe|Ha Motete
Lesotho|Butha-Buthe|Nqoe|Ha Sekila
Lesotho|Butha-Buthe|Tsaba-Leseba|Ha Shepheseli
Lesotho|Mokhotlong|Mphokojoane|Ha Rafolatsane
Lesotho|Mokhotlong|Mphokojoane|Ha Tsepo
Lesotho|Mokhotlong|Khalahali|Ha Mapholaneng
Lesotho|Mokhotlong|Khalahali|Ha Mojakisane
Lesotho|Mokhotlong|Seate|Ha Leteba
Lesotho|Thaba-Tseka|Litsoetse|Mantšonyane
Lesotho|Thaba-Tseka|Litsoetse|Ha Mohale
Lesotho|Thaba-Tseka|Linakeng|Ha Koporale
Lesotho|Thaba-Tseka|Linakeng|Ha Ntaote
Lesotho|Thaba-Tseka|Thaba-Chitja|Ha Katse
Lesotho|Qacha's Nek|Whitehill|Ha Mpiti
Lesotho|Qacha's Nek|Whitehill|Ha Sekake
Lesotho|Qacha's Nek|Patlong|Ha Ramatseliso
Lesotho|Qacha's Nek|Patlong|Ha Lebelonyane
Lesotho|Quthing|Mphaki|Ha Mtshatsha
Lesotho|Quthing|Mphaki|Ha Gilli
Lesotho|Quthing|Qomogomong|Ha Tlhaku
Lesotho|Quthing|Qomogomong|Ha Pokane
Lesotho|Mohale's Hoek|Phamong|Ha Nohana
Lesotho|Mohale's Hoek|Phamong|Ha Maphohle
Lesotho|Mohale's Hoek|Taung|Ha Silo
Lesotho|Mohale's Hoek|Taung|Ha Moletsane
Lesotho|Mohale's Hoek|Siloe|Ha Thaba
Lesotho|Mafeteng|Tajane|Majakaneng
Lesotho|Mafeteng|Tajane|Ha Toloane
Lesotho|Mafeteng|Mathula|Ha Raliemere
Lesotho|Mafeteng|Mathula|Ha Seeiso
Lesotho|Mafeteng|Ramoetsana|Ha Makhakhe
Lesotho|Mafeteng|Ramoetsana|Ha Chaba
